"Model","AUC","Accuracy"
"Logistic Regression",0.864,0.783854166666667
"KNN",0.903735074626866,0.817708333333333
